[{"model": "admin.logentry", "pk": 1, "fields": {"action_time": "2026-05-05T18:44:54.717Z", "user": 2, "content_type": 11, "object_id": "1", "object_repr": "Scandic Hotels", "action_flag": 1, "change_message": "[{\"added\": {}}]"}}, {"model": "admin.logentry", "pk": 2, "fields": {"action_time": "2026-05-05T23:39:03.962Z", "user": 2, "content_type": 4, "object_id": "6", "object_repr": "famuyiwaoluwatimilehin5", "action_flag": 3, "change_message": ""}}, {"model": "admin.logentry", "pk": 3, "fields": {"action_time": "2026-05-05T23:50:02.243Z", "user": 2, "content_type": 10, "object_id": "2", "object_repr": "abiodun6", "action_flag": 3, "change_message": ""}}, {"model": "admin.logentry", "pk": 4, "fields": {"action_time": "2026-05-12T18:52:49.778Z", "user": 2, "content_type": 13, "object_id": "1", "object_repr": "WI-FI", "action_flag": 1, "change_message": "[{\"added\": {}}]"}}, {"model": "admin.logentry", "pk": 5, "fields": {"action_time": "2026-05-12T18:52:55.144Z", "user": 2, "content_type": 14, "object_id": "1", "object_repr": "Room Fjord Panorama (Suite)", "action_flag": 1, "change_message": "[{\"added\": {}}]"}}, {"model": "admin.logentry", "pk": 6, "fields": {"action_time": "2026-05-12T18:58:10.278Z", "user": 2, "content_type": 13, "object_id": "2", "object_repr": "Bathroom with shower", "action_flag": 1, "change_message": "[{\"added\": {}}]"}}, {"model": "admin.logentry", "pk": 7, "fields": {"action_time": "2026-05-12T18:58:28.802Z", "user": 2, "content_type": 13, "object_id": "1", "object_repr": "Free WiFi", "action_flag": 2, "change_message": "[{\"changed\": {\"fields\": [\"Name\"]}}]"}}, {"model": "admin.logentry", "pk": 8, "fields": {"action_time": "2026-05-12T18:58:38.977Z", "user": 2, "content_type": 13, "object_id": "3", "object_repr": "Toiletries", "action_flag": 1, "change_message": "[{\"added\": {}}]"}}, {"model": "admin.logentry", "pk": 9, "fields": {"action_time": "2026-05-12T18:58:45.463Z", "user": 2, "content_type": 13, "object_id": "4", "object_repr": "Wooden floor", "action_flag": 1, "change_message": "[{\"added\": {}}]"}}, {"model": "admin.logentry", "pk": 10, "fields": {"action_time": "2026-05-12T18:58:53.815Z", "user": 2, "content_type": 13, "object_id": "5", "object_repr": "Safety box", "action_flag": 1, "change_message": "[{\"added\": {}}]"}}, {"model": "admin.logentry", "pk": 11, "fields": {"action_time": "2026-05-12T18:58:59.680Z", "user": 2, "content_type": 13, "object_id": "6", "object_repr": "TV", "action_flag": 1, "change_message": "[{\"added\": {}}]"}}, {"model": "admin.logentry", "pk": 12, "fields": {"action_time": "2026-05-12T18:59:06.843Z", "user": 2, "content_type": 13, "object_id": "7", "object_repr": "Air cooling", "action_flag": 1, "change_message": "[{\"added\": {}}]"}}, {"model": "admin.logentry", "pk": 13, "fields": {"action_time": "2026-05-12T18:59:16.579Z", "user": 2, "content_type": 13, "object_id": "8", "object_repr": "Ventilation in room", "action_flag": 1, "change_message": "[{\"added\": {}}]"}}, {"model": "admin.logentry", "pk": 14, "fields": {"action_time": "2026-05-12T18:59:23.973Z", "user": 2, "content_type": 13, "object_id": "9", "object_repr": "Connecting rooms (available in some rooms)", "action_flag": 1, "change_message": "[{\"added\": {}}]"}}, {"model": "admin.logentry", "pk": 15, "fields": {"action_time": "2026-05-12T18:59:36.610Z", "user": 2, "content_type": 13, "object_id": "10", "object_repr": "Desk and chair", "action_flag": 1, "change_message": "[{\"added\": {}}]"}}, {"model": "admin.logentry", "pk": 16, "fields": {"action_time": "2026-05-12T18:59:44.661Z", "user": 2, "content_type": 13, "object_id": "11", "object_repr": "Hairdryer", "action_flag": 1, "change_message": "[{\"added\": {}}]"}}, {"model": "admin.logentry", "pk": 17, "fields": {"action_time": "2026-05-12T19:01:50.128Z", "user": 2, "content_type": 13, "object_id": "12", "object_repr": "Kettle with coffee / tea", "action_flag": 1, "change_message": "[{\"added\": {}}]"}}, {"model": "admin.logentry", "pk": 18, "fields": {"action_time": "2026-05-12T19:01:56.774Z", "user": 2, "content_type": 13, "object_id": "13", "object_repr": "Bathrobes", "action_flag": 1, "change_message": "[{\"added\": {}}]"}}, {"model": "admin.logentry", "pk": 19, "fields": {"action_time": "2026-05-12T19:02:07.696Z", "user": 2, "content_type": 13, "object_id": "14", "object_repr": "View - city view", "action_flag": 1, "change_message": "[{\"added\": {}}]"}}, {"model": "admin.logentry", "pk": 20, "fields": {"action_time": "2026-05-12T19:02:17.870Z", "user": 2, "content_type": 13, "object_id": "15", "object_repr": "Minibar", "action_flag": 1, "change_message": "[{\"added\": {}}]"}}, {"model": "admin.logentry", "pk": 21, "fields": {"action_time": "2026-05-12T19:04:39.040Z", "user": 2, "content_type": 13, "object_id": "16", "object_repr": "Non smoking", "action_flag": 1, "change_message": "[{\"added\": {}}]"}}, {"model": "admin.logentry", "pk": 22, "fields": {"action_time": "2026-05-12T19:04:45.258Z", "user": 2, "content_type": 13, "object_id": "17", "object_repr": "Refrigerator", "action_flag": 1, "change_message": "[{\"added\": {}}]"}}, {"model": "admin.logentry", "pk": 23, "fields": {"action_time": "2026-05-12T19:04:55.753Z", "user": 2, "content_type": 13, "object_id": "18", "object_repr": "Foot stool", "action_flag": 1, "change_message": "[{\"added\": {}}]"}}, {"model": "admin.logentry", "pk": 24, "fields": {"action_time": "2026-05-12T19:05:01.877Z", "user": 2, "content_type": 13, "object_id": "19", "object_repr": "Blackout curtains", "action_flag": 1, "change_message": "[{\"added\": {}}]"}}, {"model": "admin.logentry", "pk": 25, "fields": {"action_time": "2026-05-12T19:07:28.136Z", "user": 2, "content_type": 13, "object_id": "20", "object_repr": "SPA bathtub", "action_flag": 1, "change_message": "[{\"added\": {}}]"}}, {"model": "admin.logentry", "pk": 26, "fields": {"action_time": "2026-05-12T19:08:23.386Z", "user": 2, "content_type": 14, "object_id": "2", "object_repr": "Room Royal Nordic Suite (Suite)", "action_flag": 1, "change_message": "[{\"added\": {}}]"}}, {"model": "admin.logentry", "pk": 27, "fields": {"action_time": "2026-05-12T19:35:03.163Z", "user": 2, "content_type": 13, "object_id": "21", "object_repr": "Floor-to-Ceiling WIndows", "action_flag": 1, "change_message": "[{\"added\": {}}]"}}, {"model": "admin.logentry", "pk": 28, "fields": {"action_time": "2026-05-12T19:35:24.873Z", "user": 2, "content_type": 13, "object_id": "22", "object_repr": "King-size luxury bed", "action_flag": 1, "change_message": "[{\"added\": {}}]"}}, {"model": "admin.logentry", "pk": 29, "fields": {"action_time": "2026-05-12T19:35:45.926Z", "user": 2, "content_type": 13, "object_id": "23", "object_repr": "NOrthern LIghts View", "action_flag": 1, "change_message": "[{\"added\": {}}]"}}, {"model": "admin.logentry", "pk": 30, "fields": {"action_time": "2026-05-12T19:36:23.177Z", "user": 2, "content_type": 14, "object_id": "3", "object_repr": "Room Arctic Sky Suite (Suite)", "action_flag": 1, "change_message": "[{\"added\": {}}]"}}, {"model": "admin.logentry", "pk": 31, "fields": {"action_time": "2026-05-12T21:48:14.644Z", "user": 2, "content_type": 14, "object_id": "3", "object_repr": "Room Arctic Sky Suite (Suite)", "action_flag": 2, "change_message": "[]"}}, {"model": "admin.logentry", "pk": 32, "fields": {"action_time": "2026-05-12T21:53:16.199Z", "user": 2, "content_type": 14, "object_id": "3", "object_repr": "Room Arctic Sky Suite (Suite)", "action_flag": 2, "change_message": "[]"}}, {"model": "admin.logentry", "pk": 33, "fields": {"action_time": "2026-05-12T22:39:36.007Z", "user": 2, "content_type": 14, "object_id": "3", "object_repr": "Room Arctic Sky Suite (Suite)", "action_flag": 2, "change_message": "[]"}}, {"model": "admin.logentry", "pk": 34, "fields": {"action_time": "2026-05-12T23:09:38.553Z", "user": 2, "content_type": 14, "object_id": "3", "object_repr": "Room Arctic Sky Suite (Suite)", "action_flag": 2, "change_message": "[]"}}, {"model": "admin.logentry", "pk": 35, "fields": {"action_time": "2026-05-12T23:09:48.992Z", "user": 2, "content_type": 14, "object_id": "2", "object_repr": "Room Royal Nordic Suite (Suite)", "action_flag": 2, "change_message": "[]"}}, {"model": "admin.logentry", "pk": 36, "fields": {"action_time": "2026-05-12T23:09:55.223Z", "user": 2, "content_type": 14, "object_id": "2", "object_repr": "Room Royal Nordic Suite (Suite)", "action_flag": 2, "change_message": "[]"}}, {"model": "admin.logentry", "pk": 37, "fields": {"action_time": "2026-05-12T23:10:07.266Z", "user": 2, "content_type": 14, "object_id": "1", "object_repr": "Room Fjord Panorama (Suite)", "action_flag": 2, "change_message": "[]"}}, {"model": "admin.logentry", "pk": 38, "fields": {"action_time": "2026-05-13T10:00:16.587Z", "user": 2, "content_type": 14, "object_id": "1", "object_repr": "Room Fjord Panorama (Suite)", "action_flag": 2, "change_message": "[]"}}, {"model": "admin.logentry", "pk": 39, "fields": {"action_time": "2026-05-13T10:00:36.690Z", "user": 2, "content_type": 14, "object_id": "1", "object_repr": "Room Fjord Panorama (Suite)", "action_flag": 2, "change_message": "[]"}}, {"model": "admin.logentry", "pk": 40, "fields": {"action_time": "2026-05-13T16:28:21.001Z", "user": 2, "content_type": 16, "object_id": "6", "object_repr": "Reservation object (6)", "action_flag": 2, "change_message": "[{\"changed\": {\"fields\": [\"Status\"]}}]"}}, {"model": "admin.logentry", "pk": 41, "fields": {"action_time": "2026-05-14T11:53:45.353Z", "user": 2, "content_type": 16, "object_id": "6", "object_repr": "Reservation object (6)", "action_flag": 2, "change_message": "[]"}}, {"model": "admin.logentry", "pk": 42, "fields": {"action_time": "2026-05-14T11:53:53.369Z", "user": 2, "content_type": 16, "object_id": "5", "object_repr": "Reservation object (5)", "action_flag": 2, "change_message": "[{\"changed\": {\"fields\": [\"Status\"]}}]"}}, {"model": "admin.logentry", "pk": 43, "fields": {"action_time": "2026-05-14T11:54:15.018Z", "user": 2, "content_type": 16, "object_id": "4", "object_repr": "Reservation object (4)", "action_flag": 2, "change_message": "[{\"changed\": {\"fields\": [\"Status\"]}}]"}}, {"model": "admin.logentry", "pk": 44, "fields": {"action_time": "2026-05-14T11:54:22.077Z", "user": 2, "content_type": 16, "object_id": "3", "object_repr": "Reservation object (3)", "action_flag": 2, "change_message": "[{\"changed\": {\"fields\": [\"Status\"]}}]"}}, {"model": "admin.logentry", "pk": 45, "fields": {"action_time": "2026-05-14T11:54:29.105Z", "user": 2, "content_type": 16, "object_id": "2", "object_repr": "Reservation object (2)", "action_flag": 2, "change_message": "[{\"changed\": {\"fields\": [\"Status\"]}}]"}}, {"model": "admin.logentry", "pk": 46, "fields": {"action_time": "2026-05-14T11:54:37.094Z", "user": 2, "content_type": 16, "object_id": "1", "object_repr": "Reservation object (1)", "action_flag": 2, "change_message": "[{\"changed\": {\"fields\": [\"Status\"]}}]"}}, {"model": "admin.logentry", "pk": 47, "fields": {"action_time": "2026-05-14T12:18:04.760Z", "user": 2, "content_type": 10, "object_id": "1", "object_repr": "abiodun8", "action_flag": 2, "change_message": "[]"}}, {"model": "admin.logentry", "pk": 48, "fields": {"action_time": "2026-05-14T12:37:56.003Z", "user": 2, "content_type": 4, "object_id": "7", "object_repr": "famuyiwaoluwatimilehin5", "action_flag": 3, "change_message": ""}}, {"model": "admin.logentry", "pk": 49, "fields": {"action_time": "2026-05-14T12:38:12.842Z", "user": 2, "content_type": 4, "object_id": "4", "object_repr": "thomasabiodun26", "action_flag": 3, "change_message": ""}}, {"model": "admin.logentry", "pk": 50, "fields": {"action_time": "2026-05-14T13:18:49.450Z", "user": 2, "content_type": 8, "object_id": "5", "object_repr": "thomasabiodun26@gmail.com", "action_flag": 3, "change_message": ""}}, {"model": "admin.logentry", "pk": 51, "fields": {"action_time": "2026-05-14T13:19:03.359Z", "user": 2, "content_type": 8, "object_id": "2", "object_repr": "akinrinolaabiodun16@gmail.com", "action_flag": 3, "change_message": ""}}, {"model": "admin.logentry", "pk": 52, "fields": {"action_time": "2026-05-14T13:19:43.718Z", "user": 2, "content_type": 4, "object_id": "5", "object_repr": "abiodun6", "action_flag": 3, "change_message": ""}}, {"model": "admin.logentry", "pk": 53, "fields": {"action_time": "2026-05-14T13:19:43.718Z", "user": 2, "content_type": 4, "object_id": "3", "object_repr": "abiodun8", "action_flag": 3, "change_message": ""}}, {"model": "admin.logentry", "pk": 54, "fields": {"action_time": "2026-05-14T13:19:43.718Z", "user": 2, "content_type": 4, "object_id": "8", "object_repr": "thomasabiodun26", "action_flag": 3, "change_message": ""}}, {"model": "admin.logentry", "pk": 55, "fields": {"action_time": "2026-05-14T14:18:20.188Z", "user": 2, "content_type": 8, "object_id": "8", "object_repr": "thomasabiodun26@gmail.com", "action_flag": 3, "change_message": ""}}, {"model": "admin.logentry", "pk": 56, "fields": {"action_time": "2026-05-14T14:18:20.188Z", "user": 2, "content_type": 8, "object_id": "7", "object_repr": "akinrinolaabiodun16@gmail.com", "action_flag": 3, "change_message": ""}}, {"model": "admin.logentry", "pk": 57, "fields": {"action_time": "2026-05-14T14:18:20.188Z", "user": 2, "content_type": 8, "object_id": "6", "object_repr": "abiodunakinrinolathomas@gmail.com", "action_flag": 3, "change_message": ""}}, {"model": "admin.logentry", "pk": 58, "fields": {"action_time": "2026-05-14T14:18:45.072Z", "user": 2, "content_type": 10, "object_id": "4", "object_repr": "thomas", "action_flag": 3, "change_message": ""}}, {"model": "admin.logentry", "pk": 59, "fields": {"action_time": "2026-05-14T14:18:45.073Z", "user": 2, "content_type": 10, "object_id": "3", "object_repr": "abiodun4", "action_flag": 3, "change_message": ""}}, {"model": "admin.logentry", "pk": 60, "fields": {"action_time": "2026-05-14T14:20:00.497Z", "user": 2, "content_type": 4, "object_id": "9", "object_repr": "abiodun4", "action_flag": 3, "change_message": ""}}, {"model": "admin.logentry", "pk": 61, "fields": {"action_time": "2026-05-14T14:20:00.497Z", "user": 2, "content_type": 4, "object_id": "10", "object_repr": "akinrinolaabiodun16", "action_flag": 3, "change_message": ""}}, {"model": "admin.logentry", "pk": 62, "fields": {"action_time": "2026-05-14T14:20:00.497Z", "user": 2, "content_type": 4, "object_id": "11", "object_repr": "thomas", "action_flag": 3, "change_message": ""}}, {"model": "admin.logentry", "pk": 63, "fields": {"action_time": "2026-05-14T14:28:53.049Z", "user": 2, "content_type": 7, "object_id": "1", "object_repr": "example.com", "action_flag": 2, "change_message": "[{\"changed\": {\"fields\": [\"Display name\"]}}]"}}, {"model": "admin.logentry", "pk": 64, "fields": {"action_time": "2026-05-14T14:37:03.039Z", "user": 2, "content_type": 7, "object_id": "1", "object_repr": "example.com", "action_flag": 2, "change_message": "[]"}}, {"model": "admin.logentry", "pk": 65, "fields": {"action_time": "2026-05-14T14:37:11.726Z", "user": 2, "content_type": 7, "object_id": "1", "object_repr": "example.com", "action_flag": 2, "change_message": "[]"}}, {"model": "admin.logentry", "pk": 66, "fields": {"action_time": "2026-05-15T08:12:35.547Z", "user": 1, "content_type": 16, "object_id": "10", "object_repr": "Reservation object (10)", "action_flag": 2, "change_message": "[{\"changed\": {\"fields\": [\"Status\"]}}]"}}, {"model": "auth.user", "pk": 1, "fields": {"password": "pbkdf2_sha256$1000000$vGEHZbhzHCg03xnC5ZFqlf$ecvRQEE8tdKsdBLngz5JDLGJUuNjXsJHD02sjv+jL5M=", "last_login": "2026-05-15T08:12:00.170Z", "is_superuser": true, "username": "admin", "first_name": "", "last_name": "", "email": "", "is_staff": true, "is_active": true, "date_joined": "2026-04-29T12:03:29.733Z", "groups": [], "user_permissions": []}}, {"model": "auth.user", "pk": 2, "fields": {"password": "pbkdf2_sha256$1200000$iyYEjSTrHlsK3SlHVzIyq4$N8Nm12xB1ufX+lbOz6qaqwU2TLpQ+0uRIyhSOmwDjMw=", "last_login": "2026-05-14T14:36:53.512Z", "is_superuser": true, "username": "Abiodun", "first_name": "", "last_name": "", "email": "", "is_staff": true, "is_active": true, "date_joined": "2026-04-29T12:04:10.463Z", "groups": [], "user_permissions": []}}, {"model": "auth.user", "pk": 12, "fields": {"password": "pbkdf2_sha256$1200000$c7s2UrZnPX3NVjzPSCu2JA$1+rp6S6W+1JWDKVlzd+1rZXfG5Dhtiv+DaZawJ8qUZM=", "last_login": "2026-05-14T15:50:09.980Z", "is_superuser": false, "username": "akinrinolaabiodun16", "first_name": "", "last_name": "", "email": "akinrinolaabiodun16@gmail.com", "is_staff": false, "is_active": true, "date_joined": "2026-05-14T14:23:11.577Z", "groups": [], "user_permissions": []}}, {"model": "auth.user", "pk": 13, "fields": {"password": "!WLGHS70gZgI84DrsfXfwiBSx0VG5JlWv4X9zBsRW", "last_login": "2026-05-14T14:33:57.900Z", "is_superuser": false, "username": "thomas", "first_name": "Thomas", "last_name": "Abiodun", "email": "thomasabiodun26@gmail.com", "is_staff": false, "is_active": true, "date_joined": "2026-05-14T14:33:57.657Z", "groups": [], "user_permissions": []}}, {"model": "auth.user", "pk": 14, "fields": {"password": "!k06mCZeU6JkbUIzrSy2RPEAJrWk0JXUlCqFjZZim", "last_login": "2026-05-15T12:36:57.288Z", "is_superuser": false, "username": "abiodun4", "first_name": "Abiodun", "last_name": "Akinrinola", "email": "abiodunakinrinolathomas@gmail.com", "is_staff": false, "is_active": true, "date_joined": "2026-05-14T14:37:50.799Z", "groups": [], "user_permissions": []}}, {"model": "auth.user", "pk": 15, "fields": {"password": "!Cw3cDV7xgwSNRx6ooGvdc8U2aTtjeQiDXP2ER3P4", "last_login": "2026-05-15T08:21:58.132Z", "is_superuser": false, "username": "okeke", "first_name": "okeke", "last_name": "chiemerie", "email": "okekechiemerie2020@gmail.com", "is_staff": false, "is_active": true, "date_joined": "2026-05-15T06:21:13.628Z", "groups": [], "user_permissions": []}}, {"model": "auth.user", "pk": 16, "fields": {"password": "pbkdf2_sha256$1000000$4sVRaXTZCBPzgAKfoaZTIt$/EECA3PnFsCRV46p1jtv8Cpz7/oOH3rgSNTbmg6NjTo=", "last_login": "2026-05-15T13:05:59.025Z", "is_superuser": true, "username": "dell", "first_name": "", "last_name": "", "email": "", "is_staff": true, "is_active": true, "date_joined": "2026-05-15T13:05:24.944Z", "groups": [], "user_permissions": []}}, {"model": "sessions.session", "pk": "8lrsmo60lri873vibmsqk8p7rmrviudo", "fields": {"session_data": ".eJxVkEtuwyAQhu_COrV41UBWba9RVWiAcY1sQ2Kw2irK3WvSdJHd6H98M5oLsSco5Suvwa5YsNoJf8iRBD2d5_OTU4FKQM-58RgcD0xQpvVAdRDUIZIDAe_zlqqFrY6YavRQY052wTrmUMjx_UL-5p36v6rVKjkypbRSQlPTGdlTSfmB4AJx3qMwxbTGlGcAF3PYEutfPpvX-byQ68eB3DbareBqY4MzTh5EB37C1ByY5yZ391O7W-Zul-714fC3e-sBNUIZdw7X4BVoPnBQzDFGvTA8SOe5Zj0EzY2SIJwUjJmBK4GBPhuJvR8M4xpFgxYspf0Hv09x3T9Nr78h_ICl:1wNYND:1Py3l21C37t3LCMsUP5-ZhA-iEF3GP4-PDX6xd-0M8g", "expire_date": "2026-05-28T15:53:19.166Z"}}, {"model": "sessions.session", "pk": "d2nsoo54per6fesmhsxr1gsr1mclu3q8", "fields": {"session_data": ".eJxVjDsOwjAQBe_iGlnrT2IvJX3OEO3aXhxAiZRPhbg7spQC2jcz761GOvY6HltZxymrqzK9uvyOTOlZ5kbyg-b7otMy7-vEuin6pJsellxet9P9O6i01VazJSYvHJK3ETt0Qhh7oCxCxjBYB8n54KVzHroYuQiCpxQQxQCqzxcdsDgJ:1wNsEp:kztUNABtpDmn9EBE4rYLC9aokwn_s0VtfjxYOXRIdHo", "expire_date": "2026-05-29T13:05:59.053Z"}}, {"model": "sessions.session", "pk": "ipf7mhigpi104zm80ymd0v65wcoydm0h", "fields": {"session_data": ".eJxVjEEOwiAQRe_C2pBCBygu3XsGMgOMVA0kpV0Z765NutDtf-_9lwi4rSVsPS9hTuIslDj9boTxkesO0h3rrcnY6rrMJHdFHrTLa0v5eTncv4OCvXxrS8BsI7KiPCrQ1pPydvIpJ3TDxMYa5wE1Gc6avCIwY2IzADpwZkTx_gDx2zfg:1wI3eg:HXN_WuJt7ZNAVtCkBY1d_BowCTtXcqSTmQT4VwmTM_E", "expire_date": "2026-05-13T12:04:38.115Z"}}, {"model": "base.amenity", "pk": 1, "fields": {"name": "Free WiFi"}}, {"model": "base.amenity", "pk": 2, "fields": {"name": "Bathroom with shower"}}, {"model": "base.amenity", "pk": 3, "fields": {"name": "Toiletries"}}, {"model": "base.amenity", "pk": 4, "fields": {"name": "Wooden floor"}}, {"model": "base.amenity", "pk": 5, "fields": {"name": "Safety box"}}, {"model": "base.amenity", "pk": 6, "fields": {"name": "TV"}}, {"model": "base.amenity", "pk": 7, "fields": {"name": "Air cooling"}}, {"model": "base.amenity", "pk": 8, "fields": {"name": "Ventilation in room"}}, {"model": "base.amenity", "pk": 9, "fields": {"name": "Connecting rooms (available in some rooms)"}}, {"model": "base.amenity", "pk": 10, "fields": {"name": "Desk and chair"}}, {"model": "base.amenity", "pk": 11, "fields": {"name": "Hairdryer"}}, {"model": "base.amenity", "pk": 12, "fields": {"name": "Kettle with coffee / tea"}}, {"model": "base.amenity", "pk": 13, "fields": {"name": "Bathrobes"}}, {"model": "base.amenity", "pk": 14, "fields": {"name": "View - city view"}}, {"model": "base.amenity", "pk": 15, "fields": {"name": "Minibar"}}, {"model": "base.amenity", "pk": 16, "fields": {"name": "Non smoking"}}, {"model": "base.amenity", "pk": 17, "fields": {"name": "Refrigerator"}}, {"model": "base.amenity", "pk": 18, "fields": {"name": "Foot stool"}}, {"model": "base.amenity", "pk": 19, "fields": {"name": "Blackout curtains"}}, {"model": "base.amenity", "pk": 20, "fields": {"name": "SPA bathtub"}}, {"model": "base.amenity", "pk": 21, "fields": {"name": "Floor-to-Ceiling WIndows"}}, {"model": "base.amenity", "pk": 22, "fields": {"name": "King-size luxury bed"}}, {"model": "base.amenity", "pk": 23, "fields": {"name": "NOrthern LIghts View"}}, {"model": "base.room", "pk": 1, "fields": {"room_type": "suite", "room_name": "Fjord Panorama", "room_description": "Private balcony overlooking Geirangerfjord, modern minimalist design.", "beds": 2, "max_guests": 2, "price": "359.00", "capacity": 30, "image_url": "https://images.unsplash.com/photo-1618773928121-c32242e63f39?ixlib=rb-4.0.3&auto=format&fit=crop&w=2070&q=80", "available": true, "slug": "fjord-panorama", "amenities": [1]}}, {"model": "base.room", "pk": 2, "fields": {"room_type": "suite", "room_name": "Royal Nordic Suite", "room_description": "Spa bathtub, separate living area and exclusive lounge access.", "beds": 1, "max_guests": 2, "price": "459.00", "capacity": 26, "image_url": "https://images.unsplash.com/photo-1631049307264-da0ec9d70304?ixlib=rb-4.0.3&auto=format&fit=crop&w=2070&q=80", "available": true, "slug": "royal-nordic-suite", "amenities": [1, 2, 3, 4, 5, 6, 7, 8, 10, 11, 12, 13, 14, 15, 16, 17, 18, 19, 20]}}, {"model": "base.room", "pk": 3, "fields": {"room_type": "suite", "room_name": "Arctic Sky Suite", "room_description": "Floor-to-ceiling windows, Northern lights view, king-size luxury bed.", "beds": 2, "max_guests": 2, "price": "289.00", "capacity": 23, "image_url": "https://images.unsplash.com/photo-1582719478250-c89cae4dc85b?ixlib=rb-4.0.3&auto=format&fit=crop&w=2070&q=80", "available": true, "slug": "arctic-sky-suite", "amenities": [1, 2, 3, 4, 5, 6, 7, 8, 9, 10, 11, 12, 13, 14, 15, 16, 17, 18, 19, 20, 21, 22, 23]}}, {"model": "base.reservation", "pk": 1, "fields": {"room": 3, "user": 2, "guest_name": "Abiodun", "guest_email": "Thomasabiodun26@gmail.com", "check_in": "2026-05-15", "check_out": "2026-05-22", "number_of_guests": 2, "discount_code": null, "special_requests": "None", "Payment_method": "stripe", "total_price": "2023.00", "created_at": "2026-05-13T13:41:22.898Z", "status": "confirmed"}}, {"model": "base.reservation", "pk": 2, "fields": {"room": 3, "user": 2, "guest_name": "Abiodun", "guest_email": "Thomasabiodun26@gmail.com", "check_in": "2026-05-15", "check_out": "2026-05-22", "number_of_guests": 2, "discount_code": null, "special_requests": "", "Payment_method": "stripe", "total_price": "2023.00", "created_at": "2026-05-13T13:55:46.945Z", "status": "confirmed"}}, {"model": "base.reservation", "pk": 3, "fields": {"room": 3, "user": 2, "guest_name": "Abiodun", "guest_email": "Thomasabiodun26@gmail.com", "check_in": "2026-05-15", "check_out": "2026-05-22", "number_of_guests": 2, "discount_code": null, "special_requests": "", "Payment_method": "stripe", "total_price": "2023.00", "created_at": "2026-05-13T13:56:59.836Z", "status": "confirmed"}}, {"model": "base.reservation", "pk": 4, "fields": {"room": 3, "user": 2, "guest_name": "Abiodun", "guest_email": "Thomasabiodun26@gmail.com", "check_in": "2026-05-15", "check_out": "2026-05-22", "number_of_guests": 2, "discount_code": null, "special_requests": "", "Payment_method": "stripe", "total_price": "2023.00", "created_at": "2026-05-13T16:15:23.533Z", "status": "confirmed"}}, {"model": "base.reservation", "pk": 5, "fields": {"room": 1, "user": 2, "guest_name": "Thomas", "guest_email": "Thomasabiodun26@gmail.com", "check_in": "2026-05-15", "check_out": "2026-05-16", "number_of_guests": 2, "discount_code": null, "special_requests": "", "Payment_method": "paypal", "total_price": "359.00", "created_at": "2026-05-13T16:17:34.846Z", "status": "confirmed"}}, {"model": "base.reservation", "pk": 6, "fields": {"room": 1, "user": 2, "guest_name": "Abiodun", "guest_email": "akinrinolaabiodun16@gmail.com", "check_in": "2026-05-15", "check_out": "2026-05-17", "number_of_guests": 3, "discount_code": null, "special_requests": "", "Payment_method": "stripe", "total_price": "718.00", "created_at": "2026-05-13T16:25:23.116Z", "status": "confirmed"}}, {"model": "base.reservation", "pk": 7, "fields": {"room": 1, "user": 12, "guest_name": "Abiodun", "guest_email": "akinrinolaabiodun16@gmail.com", "check_in": "2026-05-14", "check_out": "2026-05-15", "number_of_guests": 2, "discount_code": null, "special_requests": "", "Payment_method": "stripe", "total_price": "359.00", "created_at": "2026-05-14T15:53:18.369Z", "status": "pending"}}, {"model": "base.reservation", "pk": 8, "fields": {"room": 2, "user": 15, "guest_name": "Andrew", "guest_email": "okeke@gmail.com", "check_in": "2026-05-15", "check_out": "2026-05-17", "number_of_guests": 2, "discount_code": null, "special_requests": "", "Payment_method": "stripe", "total_price": "918.00", "created_at": "2026-05-15T07:58:18.269Z", "status": "pending"}}, {"model": "base.reservation", "pk": 9, "fields": {"room": 3, "user": 15, "guest_name": "Andrew", "guest_email": "okekechiemerie2020@gmail.com", "check_in": "2026-05-22", "check_out": "2026-05-23", "number_of_guests": 1, "discount_code": null, "special_requests": "", "Payment_method": "stripe", "total_price": "289.00", "created_at": "2026-05-15T08:04:45.472Z", "status": "pending"}}, {"model": "base.reservation", "pk": 10, "fields": {"room": 3, "user": 15, "guest_name": "Mbappe", "guest_email": "okekechiemerie2020@gmail.com", "check_in": "2026-05-15", "check_out": "2026-05-16", "number_of_guests": 1, "discount_code": null, "special_requests": "", "Payment_method": "stripe", "total_price": "289.00", "created_at": "2026-05-15T08:10:27.248Z", "status": "confirmed"}}, {"model": "base.reservation", "pk": 11, "fields": {"room": 2, "user": 14, "guest_name": "Abiodun", "guest_email": "akinrinolaabiodun16@gmail.com", "check_in": "2026-05-15", "check_out": "2026-05-16", "number_of_guests": 2, "discount_code": null, "special_requests": "", "Payment_method": "stripe", "total_price": "459.00", "created_at": "2026-05-15T12:56:52.563Z", "status": "pending"}}, {"model": "account.emailaddress", "pk": 9, "fields": {"user": 12, "email": "akinrinolaabiodun16@gmail.com", "verified": true, "primary": true}}, {"model": "account.emailaddress", "pk": 10, "fields": {"user": 13, "email": "thomasabiodun26@gmail.com", "verified": true, "primary": true}}, {"model": "account.emailaddress", "pk": 11, "fields": {"user": 14, "email": "abiodunakinrinolathomas@gmail.com", "verified": true, "primary": true}}, {"model": "account.emailaddress", "pk": 12, "fields": {"user": 15, "email": "okekechiemerie2020@gmail.com", "verified": true, "primary": true}}]